founded,employees,job_openings,FoundedYears,founded_binary,employees_binary,job_openings_binary
2015.0,655.0,25.0,8.0,2015.0,655.0,25.0
2012.5448798988623,201.0,1.0,,2012.5448798988623,201.0,1.0
2016.0,511.0,1.0,7.0,2016.0,511.0,1.0
2017.0,355.0,4.0,6.0,2017.0,355.0,4.0
2019.0,551.0,1.0,4.0,2019.0,551.0,1.0
2018.0,201.0,1.0,5.0,2018.0,201.0,1.0
2013.0,561.0,3.0,10.0,2013.0,561.0,3.0
2018.0,621.0,38.0,5.0,2018.0,621.0,38.0
2012.5448798988623,177.0,1.0,,2012.5448798988623,177.0,1.0
2014.0,481.0,10.0,9.0,2014.0,481.0,10.0
2012.5448798988623,131.0,1.0,,2012.5448798988623,131.0,1.0
2012.5448798988623,431.0,1.0,,2012.5448798988623,431.0,1.0
2011.0,378.0,39.0,12.0,2011.0,378.0,39.0
2017.0,628.0,28.0,6.0,2017.0,628.0,28.0
2020.0,427.0,1.0,3.0,2020.0,427.0,1.0
2018.0,269.0,1.0,5.0,2018.0,269.0,1.0
2015.0,435.0,1.0,8.0,2015.0,435.0,1.0
2017.0,197.0,1.0,6.0,2017.0,197.0,1.0
2019.0,459.0,1.0,4.0,2019.0,459.0,1.0
2006.0,538.0,21.0,17.0,2006.0,538.0,21.0
2009.0,299.0,1.0,14.0,2009.0,299.0,1.0
2015.0,577.0,26.0,8.0,2015.0,577.0,26.0
2015.0,266.0,26.0,8.0,2015.0,266.0,26.0
2018.0,295.0,1.0,5.0,2018.0,295.0,1.0
2009.0,412.0,10.0,14.0,2009.0,412.0,10.0
2017.0,497.0,10.0,6.0,2017.0,497.0,10.0
2016.0,200.0,1.0,7.0,2016.0,200.0,1.0
2021.0,117.0,1.0,2.0,2021.0,117.0,1.0
2014.0,325.0,6.0,9.0,2014.0,325.0,6.0
2012.5448798988623,294.0,1.0,,2012.5448798988623,294.0,1.0
2018.0,567.0,10.0,5.0,2018.0,567.0,10.0
2021.0,181.0,1.0,2.0,2021.0,181.0,1.0
2010.0,533.0,58.0,13.0,2010.0,533.0,58.0
2014.0,599.0,20.0,9.0,2014.0,599.0,20.0
2017.0,601.0,1.0,6.0,2017.0,601.0,1.0
2019.0,196.0,1.0,4.0,2019.0,196.0,1.0
2020.0,245.0,1.0,3.0,2020.0,245.0,1.0
2017.0,322.0,3.0,6.0,2017.0,322.0,3.0
2014.0,416.0,7.0,9.0,2014.0,416.0,7.0
2016.0,562.0,43.0,7.0,2016.0,562.0,43.0
2015.0,153.0,1.0,8.0,2015.0,153.0,1.0
2018.0,298.0,1.0,5.0,2018.0,298.0,1.0
2018.0,109.0,1.0,5.0,2018.0,109.0,1.0
2019.0,148.0,1.0,4.0,2019.0,148.0,1.0
2019.0,69.0,1.0,4.0,2019.0,69.0,1.0
2019.0,344.0,13.0,4.0,2019.0,344.0,13.0
2016.0,384.0,2.0,7.0,2016.0,384.0,2.0
2012.5448798988623,103.0,1.0,,2012.5448798988623,103.0,1.0
2012.0,501.0,1.0,11.0,2012.0,501.0,1.0
2014.0,236.0,1.0,9.0,2014.0,236.0,1.0
2016.0,751.0,38.0,7.0,2016.0,751.0,38.0
2019.0,651.0,1.0,4.0,2019.0,651.0,1.0
2014.0,179.0,1.0,9.0,2014.0,179.0,1.0
2018.0,655.0,2.0,5.0,2018.0,655.0,2.0
2012.5448798988623,138.0,1.0,,2012.5448798988623,138.0,1.0
2017.0,584.0,52.0,6.0,2017.0,584.0,52.0
2013.0,331.0,20.0,10.0,2013.0,331.0,20.0
2013.0,359.0,1.0,10.0,2013.0,359.0,1.0
2012.5448798988623,452.0,1.0,,2012.5448798988623,452.0,1.0
2015.0,85.0,9.0,8.0,2015.0,85.0,9.0
2015.0,275.0,21.0,8.0,2015.0,275.0,21.0
2017.0,326.0,21.0,6.0,2017.0,326.0,21.0
2020.0,640.0,1.0,3.0,2020.0,640.0,1.0
2012.5448798988623,251.0,24.0,,2012.5448798988623,251.0,24.0
2013.0,644.0,1.0,10.0,2013.0,644.0,1.0
2017.0,210.0,1.0,6.0,2017.0,210.0,1.0
2017.0,152.0,8.0,6.0,2017.0,152.0,8.0
2020.0,411.0,8.57356076759062,3.0,2020.0,411.0,8.57356076759062
2017.0,64.0,1.0,6.0,2017.0,64.0,1.0
2018.0,430.0,7.0,5.0,2018.0,430.0,7.0
2017.0,345.0,1.0,6.0,2017.0,345.0,1.0
2012.0,338.0,1.0,11.0,2012.0,338.0,1.0
2016.0,528.0,18.0,7.0,2016.0,528.0,18.0
2019.0,122.0,1.0,4.0,2019.0,122.0,1.0
2016.0,350.0,1.0,7.0,2016.0,350.0,1.0
2020.0,166.0,1.0,3.0,2020.0,166.0,1.0
2014.0,786.0,43.0,9.0,2014.0,786.0,43.0
2017.0,72.0,1.0,6.0,2017.0,72.0,1.0
1985.0,743.0,4.0,38.0,1985.0,743.0,4.0
2017.0,62.0,1.0,6.0,2017.0,62.0,1.0
2013.0,509.0,1.0,10.0,2013.0,509.0,1.0
2015.0,373.0,37.0,8.0,2015.0,373.0,37.0
2016.0,152.0,7.0,7.0,2016.0,152.0,7.0
2015.0,431.0,1.0,8.0,2015.0,431.0,1.0
2012.0,385.0,6.0,11.0,2012.0,385.0,6.0
2021.0,134.0,1.0,2.0,2021.0,134.0,1.0
2018.0,237.0,7.0,5.0,2018.0,237.0,7.0
2017.0,168.0,1.0,6.0,2017.0,168.0,1.0
2018.0,125.0,1.0,5.0,2018.0,125.0,1.0
2017.0,89.0,1.0,6.0,2017.0,89.0,1.0
2012.0,515.0,3.0,11.0,2012.0,515.0,3.0
2014.0,62.0,1.0,9.0,2014.0,62.0,1.0
2018.0,251.0,15.0,5.0,2018.0,251.0,15.0
2008.0,491.0,1.0,15.0,2008.0,491.0,1.0
2016.0,358.0,1.0,7.0,2016.0,358.0,1.0
2017.0,414.0,32.0,6.0,2017.0,414.0,32.0
2014.0,232.0,6.0,9.0,2014.0,232.0,6.0
2012.0,870.0,53.0,11.0,2012.0,870.0,53.0
2012.5448798988623,430.0,53.0,,2012.5448798988623,430.0,53.0
2012.5448798988623,246.0,1.0,,2012.5448798988623,246.0,1.0
2014.0,156.0,1.0,9.0,2014.0,156.0,1.0
2012.5448798988623,398.0,1.0,,2012.5448798988623,398.0,1.0
2012.5448798988623,468.0,64.0,,2012.5448798988623,468.0,64.0
2018.0,216.0,21.0,5.0,2018.0,216.0,21.0
2017.0,206.0,10.0,6.0,2017.0,206.0,10.0
2017.0,111.0,1.0,6.0,2017.0,111.0,1.0
2018.0,75.0,1.0,5.0,2018.0,75.0,1.0
2018.0,94.0,1.0,5.0,2018.0,94.0,1.0
2021.0,75.0,1.0,2.0,2021.0,75.0,1.0
2020.0,98.0,1.0,3.0,2020.0,98.0,1.0
2011.0,678.0,55.0,12.0,2011.0,678.0,55.0
2019.0,214.0,1.0,4.0,2019.0,214.0,1.0
2012.0,475.0,1.0,11.0,2012.0,475.0,1.0
2012.5448798988623,62.0,1.0,,2012.5448798988623,62.0,1.0
2017.0,592.0,1.0,6.0,2017.0,592.0,1.0
2016.0,188.0,1.0,7.0,2016.0,188.0,1.0
2014.0,437.0,35.0,9.0,2014.0,437.0,35.0
2017.0,88.0,1.0,6.0,2017.0,88.0,1.0
2015.0,133.0,1.0,8.0,2015.0,133.0,1.0
2008.0,240.0,1.0,15.0,2008.0,240.0,1.0
2020.0,183.0,27.0,3.0,2020.0,183.0,27.0
2012.5448798988623,139.0,1.0,,2012.5448798988623,139.0,1.0
2012.5448798988623,438.0,1.0,,2012.5448798988623,438.0,1.0
2008.0,841.0,114.0,15.0,2008.0,841.0,114.0
2017.0,114.0,1.0,6.0,2017.0,114.0,1.0
2019.0,118.0,1.0,4.0,2019.0,118.0,1.0
2015.0,742.0,1.0,8.0,2015.0,742.0,1.0
2016.0,126.0,1.0,7.0,2016.0,126.0,1.0
2017.0,284.0,1.0,6.0,2017.0,284.0,1.0
2012.0,349.0,23.0,11.0,2012.0,349.0,23.0
2017.0,639.0,1.0,6.0,2017.0,639.0,1.0
2012.5448798988623,242.0,1.0,,2012.5448798988623,242.0,1.0
2014.0,521.0,61.0,9.0,2014.0,521.0,61.0
2018.0,338.0,1.0,5.0,2018.0,338.0,1.0
2012.5448798988623,127.0,1.0,,2012.5448798988623,127.0,1.0
2012.5448798988623,119.0,1.0,,2012.5448798988623,119.0,1.0
2015.0,216.0,5.0,8.0,2015.0,216.0,5.0
2012.5448798988623,251.0,1.0,,2012.5448798988623,251.0,1.0
2018.0,160.0,1.0,5.0,2018.0,160.0,1.0
2014.0,901.0,60.0,9.0,2014.0,901.0,60.0
2008.0,432.0,1.0,15.0,2008.0,432.0,1.0
2012.5448798988623,127.0,1.0,,2012.5448798988623,127.0,1.0
2019.0,180.0,1.0,4.0,2019.0,180.0,1.0
2009.0,245.0,1.0,14.0,2009.0,245.0,1.0
2015.0,611.0,9.0,8.0,2015.0,611.0,9.0
2021.0,88.0,1.0,2.0,2021.0,88.0,1.0
2020.0,890.0,1.0,3.0,2020.0,890.0,1.0
2019.0,205.0,1.0,4.0,2019.0,205.0,1.0
2015.0,537.0,1.0,8.0,2015.0,537.0,1.0
2012.5448798988623,119.0,1.0,,2012.5448798988623,119.0,1.0
2014.0,290.0,1.0,9.0,2014.0,290.0,1.0
2018.0,291.0,1.0,5.0,2018.0,291.0,1.0
2016.0,491.0,1.0,7.0,2016.0,491.0,1.0
2015.0,99.0,3.0,8.0,2015.0,99.0,3.0
2016.0,860.0,61.0,7.0,2016.0,860.0,61.0
2018.0,154.0,1.0,5.0,2018.0,154.0,1.0
2009.0,74.0,1.0,14.0,2009.0,74.0,1.0
2011.0,210.0,13.0,12.0,2011.0,210.0,13.0
2022.0,95.0,1.0,1.0,2022.0,95.0,1.0
2015.0,84.0,1.0,8.0,2015.0,84.0,1.0
2016.0,341.0,1.0,7.0,2016.0,341.0,1.0
2012.5448798988623,793.0,1.0,,2012.5448798988623,793.0,1.0
2020.0,118.0,1.0,3.0,2020.0,118.0,1.0
2018.0,484.0,1.0,5.0,2018.0,484.0,1.0
2014.0,267.0,1.0,9.0,2014.0,267.0,1.0
2018.0,128.0,1.0,5.0,2018.0,128.0,1.0
2015.0,187.0,1.0,8.0,2015.0,187.0,1.0
2021.0,135.0,1.0,2.0,2021.0,135.0,1.0
2014.0,299.0,1.0,9.0,2014.0,299.0,1.0
2014.0,238.0,1.0,9.0,2014.0,238.0,1.0
2016.0,258.0,1.0,7.0,2016.0,258.0,1.0
1999.0,36.0,1.0,24.0,1999.0,36.0,1.0
2011.0,724.0,1.0,12.0,2011.0,724.0,1.0
2014.0,160.0,1.0,9.0,2014.0,160.0,1.0
2019.0,98.0,1.0,4.0,2019.0,98.0,1.0
2019.0,92.0,1.0,4.0,2019.0,92.0,1.0
2013.0,523.0,6.0,10.0,2013.0,523.0,6.0
2016.0,676.0,1.0,7.0,2016.0,676.0,1.0
2017.0,307.0,1.0,6.0,2017.0,307.0,1.0
2011.0,145.0,1.0,12.0,2011.0,145.0,1.0
2009.0,263.0,11.0,14.0,2009.0,263.0,11.0
2015.0,328.0,1.0,8.0,2015.0,328.0,1.0
2015.0,223.0,1.0,8.0,2015.0,223.0,1.0
2021.0,101.0,1.0,2.0,2021.0,101.0,1.0
2001.0,611.0,8.0,22.0,2001.0,611.0,8.0
2008.0,897.0,1.0,15.0,2008.0,897.0,1.0
2012.5448798988623,252.0,1.0,,2012.5448798988623,252.0,1.0
2021.0,117.0,1.0,2.0,2021.0,117.0,1.0
2020.0,60.0,1.0,3.0,2020.0,60.0,1.0
2014.0,538.0,34.0,9.0,2014.0,538.0,34.0
1998.0,74.0,1.0,25.0,1998.0,74.0,1.0
2015.0,311.0,1.0,8.0,2015.0,311.0,1.0
2012.5448798988623,68.0,1.0,,2012.5448798988623,68.0,1.0
2012.5448798988623,131.0,1.0,,2012.5448798988623,131.0,1.0
2020.0,89.0,1.0,3.0,2020.0,89.0,1.0
2017.0,740.0,1.0,6.0,2017.0,740.0,1.0
2018.0,678.0,1.0,5.0,2018.0,678.0,1.0
2012.5448798988623,63.0,1.0,,2012.5448798988623,63.0,1.0
2002.0,419.0,8.57356076759062,21.0,2002.0,419.0,8.57356076759062
2017.0,192.0,1.0,6.0,2017.0,192.0,1.0
1980.0,333.0,3.0,43.0,1980.0,333.0,3.0
2015.0,217.0,8.0,8.0,2015.0,217.0,8.0
2009.0,575.0,48.0,14.0,2009.0,575.0,48.0
2014.0,41.0,1.0,9.0,2014.0,41.0,1.0
2013.0,183.0,19.0,10.0,2013.0,183.0,19.0
2006.0,525.0,28.0,17.0,2006.0,525.0,28.0
2011.0,497.0,1.0,12.0,2011.0,497.0,1.0
2011.0,497.0,1.0,12.0,2011.0,497.0,1.0
2017.0,694.0,1.0,6.0,2017.0,694.0,1.0
2020.0,393.0,1.0,3.0,2020.0,393.0,1.0
2012.5448798988623,375.0,8.57356076759062,,2012.5448798988623,375.0,8.57356076759062
2012.5448798988623,375.0,8.57356076759062,,2012.5448798988623,375.0,8.57356076759062
2012.5448798988623,118.0,1.0,,2012.5448798988623,118.0,1.0
2018.0,153.0,1.0,5.0,2018.0,153.0,1.0
2012.5448798988623,643.0,8.57356076759062,,2012.5448798988623,643.0,8.57356076759062
2014.0,238.0,7.0,9.0,2014.0,238.0,7.0
2008.0,717.0,1.0,15.0,2008.0,717.0,1.0
2012.5448798988623,170.0,1.0,,2012.5448798988623,170.0,1.0
2015.0,573.0,1.0,8.0,2015.0,573.0,1.0
2012.5448798988623,699.0,57.0,,2012.5448798988623,699.0,57.0
2016.0,486.0,1.0,7.0,2016.0,486.0,1.0
2014.0,225.0,24.0,9.0,2014.0,225.0,24.0
2021.0,57.0,1.0,2.0,2021.0,57.0,1.0
2010.0,610.0,26.0,13.0,2010.0,610.0,26.0
2014.0,382.0,1.0,9.0,2014.0,382.0,1.0
2012.5448798988623,76.0,1.0,,2012.5448798988623,76.0,1.0
2017.0,436.0,1.0,6.0,2017.0,436.0,1.0
2002.0,903.0,8.57356076759062,21.0,2002.0,903.0,8.57356076759062
2016.0,158.0,15.0,7.0,2016.0,158.0,15.0
2019.0,416.0,1.0,4.0,2019.0,416.0,1.0
2012.0,744.0,29.0,11.0,2012.0,744.0,29.0
2019.0,128.0,1.0,4.0,2019.0,128.0,1.0
2021.0,39.0,1.0,2.0,2021.0,39.0,1.0
2012.5448798988623,246.0,1.0,,2012.5448798988623,246.0,1.0
2012.5448798988623,421.0,1.0,,2012.5448798988623,421.0,1.0
2016.0,360.0,1.0,7.0,2016.0,360.0,1.0
2013.0,171.0,1.0,10.0,2013.0,171.0,1.0
2012.5448798988623,158.0,1.0,,2012.5448798988623,158.0,1.0
2019.0,372.0,1.0,4.0,2019.0,372.0,1.0
2018.0,495.0,43.0,5.0,2018.0,495.0,43.0
2017.0,141.0,1.0,6.0,2017.0,141.0,1.0
2016.0,545.0,1.0,7.0,2016.0,545.0,1.0
2012.5448798988623,174.0,1.0,,2012.5448798988623,174.0,1.0
2012.5448798988623,37.0,8.57356076759062,,2012.5448798988623,37.0,8.57356076759062
2016.0,234.0,1.0,7.0,2016.0,234.0,1.0
2018.0,110.0,1.0,5.0,2018.0,110.0,1.0
2012.5448798988623,56.0,1.0,,2012.5448798988623,56.0,1.0
2012.5448798988623,147.0,1.0,,2012.5448798988623,147.0,1.0
2021.0,113.0,1.0,2.0,2021.0,113.0,1.0
2018.0,262.0,1.0,5.0,2018.0,262.0,1.0
2013.0,491.0,1.0,10.0,2013.0,491.0,1.0
2012.5448798988623,127.0,1.0,,2012.5448798988623,127.0,1.0
2012.5448798988623,534.0,8.57356076759062,,2012.5448798988623,534.0,8.57356076759062
2021.0,175.0,1.0,2.0,2021.0,175.0,1.0
2019.0,653.0,1.0,4.0,2019.0,653.0,1.0
2017.0,60.0,1.0,6.0,2017.0,60.0,1.0
2019.0,227.0,1.0,4.0,2019.0,227.0,1.0
2012.5448798988623,404.0,8.57356076759062,,2012.5448798988623,404.0,8.57356076759062
2021.0,404.0,8.57356076759062,2.0,2021.0,404.0,8.57356076759062
2016.0,401.0,1.0,7.0,2016.0,401.0,1.0
2013.0,637.0,1.0,10.0,2013.0,637.0,1.0
2009.0,423.0,1.0,14.0,2009.0,423.0,1.0
2012.0,216.0,2.0,11.0,2012.0,216.0,2.0
2017.0,149.0,1.0,6.0,2017.0,149.0,1.0
2016.0,202.0,1.0,7.0,2016.0,202.0,1.0
2015.0,882.0,30.0,8.0,2015.0,882.0,30.0
2019.0,342.0,1.0,4.0,2019.0,342.0,1.0
2019.0,854.0,660.0,4.0,2019.0,854.0,660.0
2015.0,484.0,1.0,8.0,2015.0,484.0,1.0
2018.0,309.0,25.0,5.0,2018.0,309.0,25.0
2019.0,240.0,1.0,4.0,2019.0,240.0,1.0
2017.0,235.0,21.0,6.0,2017.0,235.0,21.0
2018.0,191.0,1.0,5.0,2018.0,191.0,1.0
2011.0,884.0,4.0,12.0,2011.0,884.0,4.0
2012.5448798988623,319.0,1.0,,2012.5448798988623,319.0,1.0
2015.0,619.0,8.57356076759062,8.0,2015.0,619.0,8.57356076759062
2012.0,62.0,1.0,11.0,2012.0,62.0,1.0
2012.5448798988623,126.0,1.0,,2012.5448798988623,126.0,1.0
2012.5448798988623,380.0,1.0,,2012.5448798988623,380.0,1.0
2014.0,918.0,1.0,9.0,2014.0,918.0,1.0
1982.0,119.0,1.0,41.0,1982.0,119.0,1.0
2012.5448798988623,142.0,1.0,,2012.5448798988623,142.0,1.0
2013.0,365.0,1.0,10.0,2013.0,365.0,1.0
2013.0,365.0,1.0,10.0,2013.0,365.0,1.0
2015.0,325.0,1.0,8.0,2015.0,325.0,1.0
2018.0,239.0,1.0,5.0,2018.0,239.0,1.0
2007.0,251.0,1.0,16.0,2007.0,251.0,1.0
2012.0,254.0,1.0,11.0,2012.0,254.0,1.0
2015.0,101.0,1.0,8.0,2015.0,101.0,1.0
1999.0,232.0,1.0,24.0,1999.0,232.0,1.0
2009.0,150.0,1.0,14.0,2009.0,150.0,1.0
2007.0,462.0,1.0,16.0,2007.0,462.0,1.0
2004.0,210.0,3.0,19.0,2004.0,210.0,3.0
2012.5448798988623,995.0,1.0,,2012.5448798988623,995.0,1.0
2016.0,757.0,1.0,7.0,2016.0,757.0,1.0
2017.0,213.0,1.0,6.0,2017.0,213.0,1.0
2016.0,58.0,1.0,7.0,2016.0,58.0,1.0
2021.0,43.0,1.0,2.0,2021.0,43.0,1.0
2019.0,54.0,1.0,4.0,2019.0,54.0,1.0
2016.0,556.0,1.0,7.0,2016.0,556.0,1.0
2017.0,97.0,1.0,6.0,2017.0,97.0,1.0
2019.0,56.0,1.0,4.0,2019.0,56.0,1.0
2012.5448798988623,316.0,1.0,,2012.5448798988623,316.0,1.0
2012.5448798988623,165.0,1.0,,2012.5448798988623,165.0,1.0
2016.0,895.0,1.0,7.0,2016.0,895.0,1.0
2012.0,665.0,49.0,11.0,2012.0,665.0,49.0
2019.0,211.0,1.0,4.0,2019.0,211.0,1.0
2016.0,477.0,32.0,7.0,2016.0,477.0,32.0
2013.0,213.0,1.0,10.0,2013.0,213.0,1.0
2017.0,160.0,1.0,6.0,2017.0,160.0,1.0
2016.0,487.0,28.0,7.0,2016.0,487.0,28.0
2011.0,313.0,1.0,12.0,2011.0,313.0,1.0
2011.0,313.0,1.0,12.0,2011.0,313.0,1.0
2016.0,595.0,10.0,7.0,2016.0,595.0,10.0
2013.0,428.0,1.0,10.0,2013.0,428.0,1.0
1981.0,42.0,8.57356076759062,42.0,1981.0,42.0,8.57356076759062
2016.0,119.0,1.0,7.0,2016.0,119.0,1.0
2010.0,177.0,1.0,13.0,2010.0,177.0,1.0
2014.0,122.0,1.0,9.0,2014.0,122.0,1.0
2021.0,86.0,1.0,2.0,2021.0,86.0,1.0
2008.0,407.0,1.0,15.0,2008.0,407.0,1.0
2017.0,247.0,1.0,6.0,2017.0,247.0,1.0
2011.0,111.0,1.0,12.0,2011.0,111.0,1.0
2015.0,498.0,1.0,8.0,2015.0,498.0,1.0
2020.0,42.0,1.0,3.0,2020.0,42.0,1.0
1998.0,640.0,8.57356076759062,25.0,1998.0,640.0,8.57356076759062
2012.5448798988623,151.0,1.0,,2012.5448798988623,151.0,1.0
2018.0,89.0,1.0,5.0,2018.0,89.0,1.0
2018.0,455.0,1.0,5.0,2018.0,455.0,1.0
2015.0,484.0,1.0,8.0,2015.0,484.0,1.0
2014.0,206.0,6.0,9.0,2014.0,206.0,6.0
2014.0,844.0,42.0,9.0,2014.0,844.0,42.0
2019.0,416.0,1.0,4.0,2019.0,416.0,1.0
2012.5448798988623,310.0,1.0,,2012.5448798988623,310.0,1.0
2012.5448798988623,141.0,1.0,,2012.5448798988623,141.0,1.0
2013.0,224.0,5.0,10.0,2013.0,224.0,5.0
2015.0,375.0,1.0,8.0,2015.0,375.0,1.0
2015.0,303.0,1.0,8.0,2015.0,303.0,1.0
2011.0,526.0,1.0,12.0,2011.0,526.0,1.0
2018.0,484.0,37.0,5.0,2018.0,484.0,37.0
2017.0,294.0,45.0,6.0,2017.0,294.0,45.0
2021.0,550.0,8.57356076759062,2.0,2021.0,550.0,8.57356076759062
2000.0,336.0,1.0,23.0,2000.0,336.0,1.0
2012.5448798988623,879.0,1.0,,2012.5448798988623,879.0,1.0
2014.0,56.0,1.0,9.0,2014.0,56.0,1.0
2014.0,483.0,1.0,9.0,2014.0,483.0,1.0
2012.5448798988623,262.0,1.0,,2012.5448798988623,262.0,1.0
2018.0,57.0,1.0,5.0,2018.0,57.0,1.0
2016.0,614.0,1.0,7.0,2016.0,614.0,1.0
2017.0,256.0,1.0,6.0,2017.0,256.0,1.0
2018.0,577.0,33.0,5.0,2018.0,577.0,33.0
2013.0,589.0,1.0,10.0,2013.0,589.0,1.0
2012.5448798988623,34.0,1.0,,2012.5448798988623,34.0,1.0
2012.5448798988623,310.0,8.57356076759062,,2012.5448798988623,310.0,8.57356076759062
2017.0,95.0,1.0,6.0,2017.0,95.0,1.0
2016.0,765.0,4.0,7.0,2016.0,765.0,4.0
2016.0,765.0,8.57356076759062,7.0,2016.0,765.0,8.57356076759062
2012.5448798988623,139.0,1.0,,2012.5448798988623,139.0,1.0
2012.5448798988623,624.0,1.0,,2012.5448798988623,624.0,1.0
2012.5448798988623,189.0,1.0,,2012.5448798988623,189.0,1.0
2009.0,764.0,1.0,14.0,2009.0,764.0,1.0
2016.0,218.0,37.0,7.0,2016.0,218.0,37.0
2012.5448798988623,267.0,1.0,,2012.5448798988623,267.0,1.0
1978.0,257.0,1.0,45.0,1978.0,257.0,1.0
2007.0,650.0,179.0,16.0,2007.0,650.0,179.0
2006.0,871.0,8.57356076759062,17.0,2006.0,871.0,8.57356076759062
2006.0,871.0,1.0,17.0,2006.0,871.0,1.0
2015.0,619.0,1.0,8.0,2015.0,619.0,1.0
2011.0,651.0,1.0,12.0,2011.0,651.0,1.0
2014.0,404.0,8.57356076759062,9.0,2014.0,404.0,8.57356076759062
2019.0,539.0,1.0,4.0,2019.0,539.0,1.0
1985.0,163.0,1.0,38.0,1985.0,163.0,1.0
2018.0,58.0,1.0,5.0,2018.0,58.0,1.0
2017.0,56.0,1.0,6.0,2017.0,56.0,1.0
2017.0,94.0,3.0,6.0,2017.0,94.0,3.0
1971.0,88.0,1.0,52.0,1971.0,88.0,1.0
2016.0,537.0,48.0,7.0,2016.0,537.0,48.0
2009.0,402.0,5.0,14.0,2009.0,402.0,5.0
2008.0,897.0,15.0,15.0,2008.0,897.0,15.0
2012.5448798988623,158.0,1.0,,2012.5448798988623,158.0,1.0
2020.0,53.0,1.0,3.0,2020.0,53.0,1.0
2012.0,692.0,4.0,11.0,2012.0,692.0,4.0
1993.0,786.0,63.0,30.0,1993.0,786.0,63.0
2016.0,228.0,1.0,7.0,2016.0,228.0,1.0
2014.0,433.0,1.0,9.0,2014.0,433.0,1.0
2019.0,445.0,8.57356076759062,4.0,2019.0,445.0,8.57356076759062
2016.0,447.0,47.0,7.0,2016.0,447.0,47.0
1980.0,284.0,1.0,43.0,1980.0,284.0,1.0
2015.0,29.0,1.0,8.0,2015.0,29.0,1.0
2011.0,246.0,9.0,12.0,2011.0,246.0,9.0
2009.0,611.0,1.0,14.0,2009.0,611.0,1.0
2017.0,414.0,17.0,6.0,2017.0,414.0,17.0
2012.5448798988623,349.0,1.0,,2012.5448798988623,349.0,1.0
2016.0,894.0,1.0,7.0,2016.0,894.0,1.0
2018.0,423.0,44.0,5.0,2018.0,423.0,44.0
2017.0,692.0,1.0,6.0,2017.0,692.0,1.0
2011.0,877.0,8.57356076759062,12.0,2011.0,877.0,8.57356076759062
2012.5448798988623,841.0,8.57356076759062,,2012.5448798988623,841.0,8.57356076759062
2012.5448798988623,26.0,1.0,,2012.5448798988623,26.0,1.0
2018.0,898.0,1.0,5.0,2018.0,898.0,1.0
2013.0,721.0,1.0,10.0,2013.0,721.0,1.0
2016.0,267.0,33.0,7.0,2016.0,267.0,33.0
2012.5448798988623,66.0,1.0,,2012.5448798988623,66.0,1.0
2018.0,235.0,1.0,5.0,2018.0,235.0,1.0
2012.5448798988623,793.0,1.0,,2012.5448798988623,793.0,1.0
2006.0,107.0,1.0,17.0,2006.0,107.0,1.0
2015.0,148.0,19.0,8.0,2015.0,148.0,19.0
2005.0,87.0,1.0,18.0,2005.0,87.0,1.0
2016.0,110.0,1.0,7.0,2016.0,110.0,1.0
2020.0,226.0,1.0,3.0,2020.0,226.0,1.0
2012.5448798988623,122.0,1.0,,2012.5448798988623,122.0,1.0
2013.0,903.0,8.57356076759062,10.0,2013.0,903.0,8.57356076759062
2011.0,136.0,29.0,12.0,2011.0,136.0,29.0
2012.5448798988623,129.0,1.0,,2012.5448798988623,129.0,1.0
2021.0,33.0,1.0,2.0,2021.0,33.0,1.0
2012.5448798988623,183.0,1.0,,2012.5448798988623,183.0,1.0
2020.0,874.0,8.57356076759062,3.0,2020.0,874.0,8.57356076759062
2017.0,282.0,35.0,6.0,2017.0,282.0,35.0
2020.0,170.0,1.0,3.0,2020.0,170.0,1.0
2020.0,251.0,1.0,3.0,2020.0,251.0,1.0
2014.0,168.0,1.0,9.0,2014.0,168.0,1.0
2017.0,186.0,1.0,6.0,2017.0,186.0,1.0
1947.0,65.0,1.0,76.0,1947.0,65.0,1.0
2012.5448798988623,196.0,1.0,,2012.5448798988623,196.0,1.0
2012.5448798988623,265.0,1.0,,2012.5448798988623,265.0,1.0
2015.0,586.0,59.0,8.0,2015.0,586.0,59.0
2012.0,753.0,1.0,11.0,2012.0,753.0,1.0
1999.0,102.0,1.0,24.0,1999.0,102.0,1.0
2016.0,72.0,1.0,7.0,2016.0,72.0,1.0
2012.5448798988623,36.0,1.0,,2012.5448798988623,36.0,1.0
1994.0,627.0,1.0,29.0,1994.0,627.0,1.0
2013.0,967.0,1.0,10.0,2013.0,967.0,1.0
2012.5448798988623,192.0,1.0,,2012.5448798988623,192.0,1.0
2015.0,530.0,41.0,8.0,2015.0,530.0,41.0
2020.0,46.0,1.0,3.0,2020.0,46.0,1.0
2014.0,890.0,1.0,9.0,2014.0,890.0,1.0
2017.0,213.0,1.0,6.0,2017.0,213.0,1.0
1998.0,722.0,1.0,25.0,1998.0,722.0,1.0
2012.5448798988623,89.0,1.0,,2012.5448798988623,89.0,1.0
2012.5448798988623,165.0,4.0,,2012.5448798988623,165.0,4.0
2016.0,206.0,7.0,7.0,2016.0,206.0,7.0
1997.0,714.0,1.0,26.0,1997.0,714.0,1.0
2005.0,968.0,5.0,18.0,2005.0,968.0,5.0
2006.0,309.0,1.0,17.0,2006.0,309.0,1.0
2012.5448798988623,266.0,1.0,,2012.5448798988623,266.0,1.0
2012.5448798988623,47.0,1.0,,2012.5448798988623,47.0,1.0
2017.0,306.0,28.0,6.0,2017.0,306.0,28.0
2012.5448798988623,146.0,3.0,,2012.5448798988623,146.0,3.0
2009.0,781.0,5.0,14.0,2009.0,781.0,5.0
2021.0,384.0,8.57356076759062,2.0,2021.0,384.0,8.57356076759062
2011.0,820.0,1.0,12.0,2011.0,820.0,1.0
2020.0,50.0,1.0,3.0,2020.0,50.0,1.0
2017.0,388.0,7.0,6.0,2017.0,388.0,7.0
2012.5448798988623,86.0,1.0,,2012.5448798988623,86.0,1.0
2016.0,127.0,16.0,7.0,2016.0,127.0,16.0
2017.0,387.0,1.0,6.0,2017.0,387.0,1.0
2013.0,232.0,41.0,10.0,2013.0,232.0,41.0
2008.0,725.0,1.0,15.0,2008.0,725.0,1.0
2017.0,553.0,52.0,6.0,2017.0,553.0,52.0
2012.5448798988623,259.0,28.0,,2012.5448798988623,259.0,28.0
1995.0,184.0,1.0,28.0,1995.0,184.0,1.0
2015.0,249.0,4.0,8.0,2015.0,249.0,4.0
2014.0,231.0,2.0,9.0,2014.0,231.0,2.0
2015.0,992.0,9.0,8.0,2015.0,992.0,9.0
2022.0,812.0,8.57356076759062,1.0,2022.0,812.0,8.57356076759062
2016.0,409.0,47.0,7.0,2016.0,409.0,47.0
1993.0,346.0,1.0,30.0,1993.0,346.0,1.0
2016.0,167.0,1.0,7.0,2016.0,167.0,1.0
2019.0,43.0,1.0,4.0,2019.0,43.0,1.0
1997.0,108.0,1.0,26.0,1997.0,108.0,1.0
2017.0,209.0,1.0,6.0,2017.0,209.0,1.0
2012.5448798988623,125.0,1.0,,2012.5448798988623,125.0,1.0
2014.0,391.0,8.57356076759062,9.0,2014.0,391.0,8.57356076759062
2011.0,366.0,1.0,12.0,2011.0,366.0,1.0
2017.0,461.0,24.0,6.0,2017.0,461.0,24.0
2018.0,250.0,20.0,5.0,2018.0,250.0,20.0
2018.0,240.0,1.0,5.0,2018.0,240.0,1.0
2012.5448798988623,572.0,1.0,,2012.5448798988623,572.0,1.0
2016.0,128.0,1.0,7.0,2016.0,128.0,1.0
2015.0,78.0,1.0,8.0,2015.0,78.0,1.0
2012.0,585.0,1.0,11.0,2012.0,585.0,1.0
2007.0,423.0,8.57356076759062,16.0,2007.0,423.0,8.57356076759062
2019.0,33.0,1.0,4.0,2019.0,33.0,1.0
2012.5448798988623,691.0,8.57356076759062,,2012.5448798988623,691.0,8.57356076759062
2017.0,273.0,33.0,6.0,2017.0,273.0,33.0
2018.0,53.0,1.0,5.0,2018.0,53.0,1.0
2017.0,341.0,8.57356076759062,6.0,2017.0,341.0,8.57356076759062
2018.0,22.0,1.0,5.0,2018.0,22.0,1.0
2014.0,424.0,1.0,9.0,2014.0,424.0,1.0
1963.0,66.0,1.0,60.0,1963.0,66.0,1.0
2016.0,273.0,23.0,7.0,2016.0,273.0,23.0
2016.0,287.0,24.0,7.0,2016.0,287.0,24.0
2012.5448798988623,305.0,1.0,,2012.5448798988623,305.0,1.0
2019.0,270.0,1.0,4.0,2019.0,270.0,1.0
2016.0,580.0,65.0,7.0,2016.0,580.0,65.0
2015.0,376.0,28.0,8.0,2015.0,376.0,28.0
2007.0,268.0,1.0,16.0,2007.0,268.0,1.0
2011.0,362.0,34.0,12.0,2011.0,362.0,34.0
2016.0,40.0,1.0,7.0,2016.0,40.0,1.0
2018.0,381.0,21.0,5.0,2018.0,381.0,21.0
2012.5448798988623,474.0,1.0,,2012.5448798988623,474.0,1.0
1956.0,317.0,1.0,67.0,1956.0,317.0,1.0
2018.0,79.0,1.0,5.0,2018.0,79.0,1.0
2017.0,63.0,1.0,6.0,2017.0,63.0,1.0
1988.0,440.0,3.0,35.0,1988.0,440.0,3.0
2016.0,136.0,1.0,7.0,2016.0,136.0,1.0
2019.0,407.0,1.0,4.0,2019.0,407.0,1.0
2020.0,773.0,8.57356076759062,3.0,2020.0,773.0,8.57356076759062
2015.0,434.0,1.0,8.0,2015.0,434.0,1.0
2018.0,276.0,1.0,5.0,2018.0,276.0,1.0
2015.0,665.0,49.0,8.0,2015.0,665.0,49.0
2004.0,287.0,13.0,19.0,2004.0,287.0,13.0
2015.0,68.0,300.0,8.0,2015.0,68.0,300.0
2012.5448798988623,550.0,1.0,,2012.5448798988623,550.0,1.0
2018.0,149.0,1.0,5.0,2018.0,149.0,1.0
2012.5448798988623,840.0,1.0,,2012.5448798988623,840.0,1.0
2012.5448798988623,840.0,8.57356076759062,,2012.5448798988623,840.0,8.57356076759062
2018.0,85.0,1.0,5.0,2018.0,85.0,1.0
2001.0,198.0,1.0,22.0,2001.0,198.0,1.0
2018.0,198.0,1.0,5.0,2018.0,198.0,1.0
2020.0,106.0,1.0,3.0,2020.0,106.0,1.0
2022.0,557.0,8.57356076759062,1.0,2022.0,557.0,8.57356076759062
2013.0,266.0,1.0,10.0,2013.0,266.0,1.0
2018.0,811.0,1.0,5.0,2018.0,811.0,1.0
2012.5448798988623,665.0,1.0,,2012.5448798988623,665.0,1.0
2020.0,132.0,1.0,3.0,2020.0,132.0,1.0
2012.5448798988623,462.0,1.0,,2012.5448798988623,462.0,1.0
2012.5448798988623,160.0,1.0,,2012.5448798988623,160.0,1.0
2017.0,486.0,1.0,6.0,2017.0,486.0,1.0
2017.0,86.0,1.0,6.0,2017.0,86.0,1.0
2018.0,101.0,1.0,5.0,2018.0,101.0,1.0
2012.5448798988623,640.0,8.57356076759062,,2012.5448798988623,640.0,8.57356076759062
2012.5448798988623,248.0,1.0,,2012.5448798988623,248.0,1.0
2013.0,363.0,28.0,10.0,2013.0,363.0,28.0
2012.5448798988623,221.0,1.0,,2012.5448798988623,221.0,1.0
2015.0,712.0,61.0,8.0,2015.0,712.0,61.0
2011.0,160.0,1.0,12.0,2011.0,160.0,1.0
2020.0,224.0,1.0,3.0,2020.0,224.0,1.0
2015.0,700.0,42.0,8.0,2015.0,700.0,42.0
2016.0,114.0,6.0,7.0,2016.0,114.0,6.0
2012.0,83.0,1.0,11.0,2012.0,83.0,1.0
2017.0,97.0,12.0,6.0,2017.0,97.0,12.0
2016.0,282.0,11.0,7.0,2016.0,282.0,11.0
2003.0,121.0,1.0,20.0,2003.0,121.0,1.0
2015.0,72.0,1.0,8.0,2015.0,72.0,1.0
2012.5448798988623,102.0,1.0,,2012.5448798988623,102.0,1.0
2012.5448798988623,217.0,1.0,,2012.5448798988623,217.0,1.0
2012.5448798988623,121.0,1.0,,2012.5448798988623,121.0,1.0
2012.5448798988623,505.0,1.0,,2012.5448798988623,505.0,1.0
1997.0,886.0,2.0,26.0,1997.0,886.0,2.0
2012.5448798988623,118.0,5.0,,2012.5448798988623,118.0,5.0
2012.5448798988623,396.0,8.57356076759062,,2012.5448798988623,396.0,8.57356076759062
2017.0,84.0,1.0,6.0,2017.0,84.0,1.0
2004.0,597.0,1.0,19.0,2004.0,597.0,1.0
2018.0,149.0,13.0,5.0,2018.0,149.0,13.0
2019.0,94.0,1.0,4.0,2019.0,94.0,1.0
2016.0,151.0,2.0,7.0,2016.0,151.0,2.0
2012.5448798988623,153.0,1.0,,2012.5448798988623,153.0,1.0
2001.0,221.0,21.0,22.0,2001.0,221.0,21.0
2013.0,215.0,2.0,10.0,2013.0,215.0,2.0
2014.0,424.0,1.0,9.0,2014.0,424.0,1.0
2017.0,298.0,1.0,6.0,2017.0,298.0,1.0
2009.0,457.0,19.0,14.0,2009.0,457.0,19.0
2016.0,30.0,1.0,7.0,2016.0,30.0,1.0
2013.0,305.0,3.0,10.0,2013.0,305.0,3.0
2019.0,216.0,5.0,4.0,2019.0,216.0,5.0
2017.0,286.0,1.0,6.0,2017.0,286.0,1.0
2015.0,203.0,1.0,8.0,2015.0,203.0,1.0
2016.0,94.0,13.0,7.0,2016.0,94.0,13.0
2016.0,258.0,30.0,7.0,2016.0,258.0,30.0
2013.0,222.0,1.0,10.0,2013.0,222.0,1.0
2021.0,509.0,8.57356076759062,2.0,2021.0,509.0,8.57356076759062
2012.5448798988623,552.0,8.57356076759062,,2012.5448798988623,552.0,8.57356076759062
2014.0,170.0,5.0,9.0,2014.0,170.0,5.0
2012.5448798988623,183.0,11.0,,2012.5448798988623,183.0,11.0
2006.0,221.0,1.0,17.0,2006.0,221.0,1.0
2019.0,218.0,1.0,4.0,2019.0,218.0,1.0
1999.0,258.0,1.0,24.0,1999.0,258.0,1.0
2014.0,87.0,1.0,9.0,2014.0,87.0,1.0
2010.0,704.0,8.57356076759062,13.0,2010.0,704.0,8.57356076759062
2018.0,624.0,5.0,5.0,2018.0,624.0,5.0
1888.0,426.0,1.0,135.0,1888.0,426.0,1.0
2013.0,145.0,2.0,10.0,2013.0,145.0,2.0
2014.0,551.0,23.0,9.0,2014.0,551.0,23.0
2019.0,286.0,1.0,4.0,2019.0,286.0,1.0
2015.0,469.0,2.0,8.0,2015.0,469.0,2.0
2012.5448798988623,78.0,1.0,,2012.5448798988623,78.0,1.0
2012.0,229.0,10.0,11.0,2012.0,229.0,10.0
2020.0,335.0,1.0,3.0,2020.0,335.0,1.0
2012.5448798988623,142.0,1.0,,2012.5448798988623,142.0,1.0
2012.5448798988623,107.0,1.0,,2012.5448798988623,107.0,1.0
2016.0,273.0,1.0,7.0,2016.0,273.0,1.0
2016.0,92.0,1.0,7.0,2016.0,92.0,1.0
2012.0,401.0,25.0,11.0,2012.0,401.0,25.0
2021.0,775.0,8.57356076759062,2.0,2021.0,775.0,8.57356076759062
2020.0,505.0,8.57356076759062,3.0,2020.0,505.0,8.57356076759062
2020.0,505.0,8.57356076759062,3.0,2020.0,505.0,8.57356076759062
2011.0,83.0,1.0,12.0,2011.0,83.0,1.0
2021.0,411.0,1.0,2.0,2021.0,411.0,1.0
2021.0,411.0,8.57356076759062,2.0,2021.0,411.0,8.57356076759062
2012.5448798988623,957.0,8.57356076759062,,2012.5448798988623,957.0,8.57356076759062
2015.0,140.0,1.0,8.0,2015.0,140.0,1.0
2016.0,315.0,1.0,7.0,2016.0,315.0,1.0
2017.0,303.0,12.0,6.0,2017.0,303.0,12.0
1979.0,257.0,1.0,44.0,1979.0,257.0,1.0
2016.0,75.0,1.0,7.0,2016.0,75.0,1.0
2012.5448798988623,183.0,11.0,,2012.5448798988623,183.0,11.0
2018.0,80.0,1.0,5.0,2018.0,80.0,1.0
2019.0,445.0,2.0,4.0,2019.0,445.0,2.0
2005.0,487.0,1.0,18.0,2005.0,487.0,1.0
2018.0,689.0,1.0,5.0,2018.0,689.0,1.0
2018.0,689.0,8.57356076759062,5.0,2018.0,689.0,8.57356076759062
2015.0,285.0,15.0,8.0,2015.0,285.0,15.0
2012.5448798988623,171.0,1.0,,2012.5448798988623,171.0,1.0
2016.0,402.0,21.0,7.0,2016.0,402.0,21.0
2012.5448798988623,84.0,1.0,,2012.5448798988623,84.0,1.0
2013.0,162.0,4.0,10.0,2013.0,162.0,4.0
2012.5448798988623,322.0,68.0,,2012.5448798988623,322.0,68.0
2011.0,601.0,1.0,12.0,2011.0,601.0,1.0
1997.0,216.0,11.0,26.0,1997.0,216.0,11.0
2012.5448798988623,408.0,1.0,,2012.5448798988623,408.0,1.0
2019.0,133.0,1.0,4.0,2019.0,133.0,1.0
2014.0,197.0,7.0,9.0,2014.0,197.0,7.0
1989.0,145.0,1.0,34.0,1989.0,145.0,1.0
2008.0,223.0,4.0,15.0,2008.0,223.0,4.0
2012.5448798988623,134.0,16.0,,2012.5448798988623,134.0,16.0
2020.0,170.0,1.0,3.0,2020.0,170.0,1.0
2020.0,962.0,1.0,3.0,2020.0,962.0,1.0
2012.5448798988623,567.0,50.0,,2012.5448798988623,567.0,50.0
2020.0,72.0,1.0,3.0,2020.0,72.0,1.0
2017.0,95.0,1.0,6.0,2017.0,95.0,1.0
2012.5448798988623,219.0,24.0,,2012.5448798988623,219.0,24.0
2020.0,62.0,1.0,3.0,2020.0,62.0,1.0
2011.0,342.0,47.0,12.0,2011.0,342.0,47.0
2012.5448798988623,30.0,1.0,,2012.5448798988623,30.0,1.0
2018.0,226.0,1.0,5.0,2018.0,226.0,1.0
2016.0,298.0,1.0,7.0,2016.0,298.0,1.0
2015.0,145.0,1.0,8.0,2015.0,145.0,1.0
2017.0,114.0,11.0,6.0,2017.0,114.0,11.0
2016.0,140.0,1.0,7.0,2016.0,140.0,1.0
2013.0,246.0,10.0,10.0,2013.0,246.0,10.0
2012.0,257.0,1.0,11.0,2012.0,257.0,1.0
1976.0,449.0,8.57356076759062,47.0,1976.0,449.0,8.57356076759062
2020.0,86.0,1.0,3.0,2020.0,86.0,1.0
2012.5448798988623,441.0,112.0,,2012.5448798988623,441.0,112.0
2016.0,649.0,8.57356076759062,7.0,2016.0,649.0,8.57356076759062
2016.0,102.0,1.0,7.0,2016.0,102.0,1.0
2012.5448798988623,77.0,1.0,,2012.5448798988623,77.0,1.0
2015.0,66.0,1.0,8.0,2015.0,66.0,1.0
2012.5448798988623,122.0,1.0,,2012.5448798988623,122.0,1.0
2012.5448798988623,459.0,1.0,,2012.5448798988623,459.0,1.0
2018.0,558.0,8.57356076759062,5.0,2018.0,558.0,8.57356076759062
2017.0,279.0,5.0,6.0,2017.0,279.0,5.0
2012.5448798988623,212.0,25.0,,2012.5448798988623,212.0,25.0
2017.0,104.0,11.0,6.0,2017.0,104.0,11.0
2012.5448798988623,181.0,1.0,,2012.5448798988623,181.0,1.0
2012.5448798988623,315.0,1.0,,2012.5448798988623,315.0,1.0
2012.5448798988623,565.0,1.0,,2012.5448798988623,565.0,1.0
2021.0,92.0,1.0,2.0,2021.0,92.0,1.0
2016.0,329.0,1.0,7.0,2016.0,329.0,1.0
2012.5448798988623,206.0,1.0,,2012.5448798988623,206.0,1.0
2012.0,757.0,58.0,11.0,2012.0,757.0,58.0
2017.0,87.0,5.0,6.0,2017.0,87.0,5.0
2017.0,158.0,3.0,6.0,2017.0,158.0,3.0
2014.0,444.0,6.0,9.0,2014.0,444.0,6.0
2015.0,985.0,34.0,8.0,2015.0,985.0,34.0
2012.5448798988623,220.0,23.0,,2012.5448798988623,220.0,23.0
1946.0,437.0,1.0,77.0,1946.0,437.0,1.0
2020.0,128.0,1.0,3.0,2020.0,128.0,1.0
2014.0,422.0,11.0,9.0,2014.0,422.0,11.0
2012.5448798988623,80.0,1.0,,2012.5448798988623,80.0,1.0
2013.0,155.0,1.0,10.0,2013.0,155.0,1.0
2012.5448798988623,102.0,1.0,,2012.5448798988623,102.0,1.0
2012.5448798988623,906.0,1.0,,2012.5448798988623,906.0,1.0
2010.0,275.0,1.0,13.0,2010.0,275.0,1.0
2012.5448798988623,85.0,1.0,,2012.5448798988623,85.0,1.0
2016.0,649.0,40.0,7.0,2016.0,649.0,40.0
2013.0,302.0,35.0,10.0,2013.0,302.0,35.0
2012.5448798988623,266.0,1.0,,2012.5448798988623,266.0,1.0
2007.0,961.0,1.0,16.0,2007.0,961.0,1.0
2003.0,761.0,12.0,20.0,2003.0,761.0,12.0
2012.0,659.0,54.0,11.0,2012.0,659.0,54.0
2014.0,669.0,10.0,9.0,2014.0,669.0,10.0
2014.0,143.0,1.0,9.0,2014.0,143.0,1.0
2012.5448798988623,308.0,1.0,,2012.5448798988623,308.0,1.0
1980.0,190.0,1.0,43.0,1980.0,190.0,1.0
2012.5448798988623,96.0,1.0,,2012.5448798988623,96.0,1.0
2012.5448798988623,62.0,1.0,,2012.5448798988623,62.0,1.0
2009.0,543.0,1.0,14.0,2009.0,543.0,1.0
2015.0,421.0,25.0,8.0,2015.0,421.0,25.0
2016.0,243.0,1.0,7.0,2016.0,243.0,1.0
2012.5448798988623,68.0,1.0,,2012.5448798988623,68.0,1.0
2016.0,107.0,1.0,7.0,2016.0,107.0,1.0
2012.5448798988623,226.0,6.0,,2012.5448798988623,226.0,6.0
2014.0,390.0,10.0,9.0,2014.0,390.0,10.0
2013.0,338.0,4.0,10.0,2013.0,338.0,4.0
2019.0,126.0,1.0,4.0,2019.0,126.0,1.0
2013.0,592.0,84.0,10.0,2013.0,592.0,84.0
1998.0,95.0,1.0,25.0,1998.0,95.0,1.0
2002.0,353.0,1.0,21.0,2002.0,353.0,1.0
2015.0,506.0,30.0,8.0,2015.0,506.0,30.0
2017.0,223.0,1.0,6.0,2017.0,223.0,1.0
2012.0,74.0,1.0,11.0,2012.0,74.0,1.0
2019.0,64.0,1.0,4.0,2019.0,64.0,1.0
2018.0,64.0,1.0,5.0,2018.0,64.0,1.0
2017.0,174.0,1.0,6.0,2017.0,174.0,1.0
2014.0,224.0,1.0,9.0,2014.0,224.0,1.0
2013.0,251.0,1.0,10.0,2013.0,251.0,1.0
2012.5448798988623,81.0,1.0,,2012.5448798988623,81.0,1.0
2003.0,85.0,3.0,20.0,2003.0,85.0,3.0
2014.0,186.0,2.0,9.0,2014.0,186.0,2.0
2017.0,117.0,1.0,6.0,2017.0,117.0,1.0
2012.5448798988623,88.0,1.0,,2012.5448798988623,88.0,1.0
2017.0,127.0,1.0,6.0,2017.0,127.0,1.0
2012.5448798988623,176.0,1.0,,2012.5448798988623,176.0,1.0
2016.0,88.0,4.0,7.0,2016.0,88.0,4.0
2017.0,373.0,28.0,6.0,2017.0,373.0,28.0
2015.0,118.0,1.0,8.0,2015.0,118.0,1.0
2013.0,234.0,1.0,10.0,2013.0,234.0,1.0
2012.5448798988623,589.0,31.0,,2012.5448798988623,589.0,31.0
2012.0,158.0,1.0,11.0,2012.0,158.0,1.0
2010.0,89.0,1.0,13.0,2010.0,89.0,1.0
1949.0,811.0,1.0,74.0,1949.0,811.0,1.0
2015.0,87.0,1.0,8.0,2015.0,87.0,1.0
2014.0,473.0,4.0,9.0,2014.0,473.0,4.0
2017.0,96.0,1.0,6.0,2017.0,96.0,1.0
2009.0,270.0,1.0,14.0,2009.0,270.0,1.0
2012.5448798988623,69.0,1.0,,2012.5448798988623,69.0,1.0
2014.0,217.0,10.0,9.0,2014.0,217.0,10.0
2015.0,203.0,1.0,8.0,2015.0,203.0,1.0
2012.0,129.0,5.0,11.0,2012.0,129.0,5.0
2015.0,186.0,1.0,8.0,2015.0,186.0,1.0
2017.0,267.0,1.0,6.0,2017.0,267.0,1.0
2018.0,106.0,6.0,5.0,2018.0,106.0,6.0
2018.0,52.0,1.0,5.0,2018.0,52.0,1.0
2012.5448798988623,130.0,1.0,,2012.5448798988623,130.0,1.0
2012.0,275.0,1.0,11.0,2012.0,275.0,1.0
2012.5448798988623,215.0,25.0,,2012.5448798988623,215.0,25.0
2017.0,50.0,8.57356076759062,6.0,2017.0,50.0,8.57356076759062
2013.0,812.0,63.0,10.0,2013.0,812.0,63.0
2015.0,106.0,1.0,8.0,2015.0,106.0,1.0
2009.0,565.0,8.57356076759062,14.0,2009.0,565.0,8.57356076759062
2010.0,565.0,6.0,13.0,2010.0,565.0,6.0
2009.0,565.0,6.0,14.0,2009.0,565.0,6.0
2015.0,118.0,14.0,8.0,2015.0,118.0,14.0
2019.0,258.0,1.0,4.0,2019.0,258.0,1.0
2002.0,272.0,1.0,21.0,2002.0,272.0,1.0
2016.0,168.0,1.0,7.0,2016.0,168.0,1.0
2012.5448798988623,90.0,1.0,,2012.5448798988623,90.0,1.0
2012.5448798988623,691.0,1.0,,2012.5448798988623,691.0,1.0
2017.0,68.0,1.0,6.0,2017.0,68.0,1.0
2012.5448798988623,525.0,1.0,,2012.5448798988623,525.0,1.0
2018.0,993.0,8.57356076759062,5.0,2018.0,993.0,8.57356076759062
1955.0,247.0,1.0,68.0,1955.0,247.0,1.0
2012.5448798988623,128.0,1.0,,2012.5448798988623,128.0,1.0
2012.5448798988623,628.0,1.0,,2012.5448798988623,628.0,1.0
2018.0,99.0,1.0,5.0,2018.0,99.0,1.0
2020.0,428.0,8.57356076759062,3.0,2020.0,428.0,8.57356076759062
2012.0,150.0,1.0,11.0,2012.0,150.0,1.0
2014.0,290.0,1.0,9.0,2014.0,290.0,1.0
2012.5448798988623,708.0,1.0,,2012.5448798988623,708.0,1.0
2012.5448798988623,708.0,8.57356076759062,,2012.5448798988623,708.0,8.57356076759062
2016.0,105.0,4.0,7.0,2016.0,105.0,4.0
2017.0,109.0,21.0,6.0,2017.0,109.0,21.0
2017.0,175.0,1.0,6.0,2017.0,175.0,1.0
2016.0,145.0,1.0,7.0,2016.0,145.0,1.0
2013.0,150.0,1.0,10.0,2013.0,150.0,1.0
2012.5448798988623,120.0,1.0,,2012.5448798988623,120.0,1.0
2011.0,183.0,1.0,12.0,2011.0,183.0,1.0
2019.0,174.0,1.0,4.0,2019.0,174.0,1.0
2018.0,88.0,1.0,5.0,2018.0,88.0,1.0
2017.0,92.0,2.0,6.0,2017.0,92.0,2.0
2012.5448798988623,553.0,1.0,,2012.5448798988623,553.0,1.0
1990.0,157.0,1.0,33.0,1990.0,157.0,1.0
2016.0,221.0,8.0,7.0,2016.0,221.0,8.0
2000.0,466.0,8.57356076759062,23.0,2000.0,466.0,8.57356076759062
2020.0,701.0,8.57356076759062,3.0,2020.0,701.0,8.57356076759062
2017.0,104.0,11.0,6.0,2017.0,104.0,11.0
2017.0,384.0,32.0,6.0,2017.0,384.0,32.0
2012.5448798988623,317.0,8.57356076759062,,2012.5448798988623,317.0,8.57356076759062
2000.0,132.0,1.0,23.0,2000.0,132.0,1.0
2014.0,317.0,22.0,9.0,2014.0,317.0,22.0
2012.0,102.0,7.0,11.0,2012.0,102.0,7.0
1988.0,634.0,1.0,35.0,1988.0,634.0,1.0
2012.5448798988623,741.0,1.0,,2012.5448798988623,741.0,1.0
1988.0,232.0,4.0,35.0,1988.0,232.0,4.0
2010.0,524.0,44.0,13.0,2010.0,524.0,44.0
2010.0,107.0,1.0,13.0,2010.0,107.0,1.0
2015.0,195.0,1.0,8.0,2015.0,195.0,1.0
2015.0,238.0,3.0,8.0,2015.0,238.0,3.0
2015.0,101.0,1.0,8.0,2015.0,101.0,1.0
2015.0,112.0,2.0,8.0,2015.0,112.0,2.0
2017.0,277.0,31.0,6.0,2017.0,277.0,31.0
2016.0,207.0,26.0,7.0,2016.0,207.0,26.0
2012.0,244.0,4.0,11.0,2012.0,244.0,4.0
2001.0,199.0,1.0,22.0,2001.0,199.0,1.0
2016.0,186.0,1.0,7.0,2016.0,186.0,1.0
2012.5448798988623,60.0,1.0,,2012.5448798988623,60.0,1.0
2012.5448798988623,232.0,1.0,,2012.5448798988623,232.0,1.0
1959.0,856.0,1.0,64.0,1959.0,856.0,1.0
2018.0,211.0,11.0,5.0,2018.0,211.0,11.0
2012.0,657.0,10.0,11.0,2012.0,657.0,10.0
2012.5448798988623,436.0,8.57356076759062,,2012.5448798988623,436.0,8.57356076759062
2018.0,194.0,1.0,5.0,2018.0,194.0,1.0
2013.0,278.0,1.0,10.0,2013.0,278.0,1.0
2012.5448798988623,74.0,1.0,,2012.5448798988623,74.0,1.0
2016.0,95.0,1.0,7.0,2016.0,95.0,1.0
2013.0,722.0,99.0,10.0,2013.0,722.0,99.0
2017.0,376.0,14.0,6.0,2017.0,376.0,14.0
2012.5448798988623,547.0,8.0,,2012.5448798988623,547.0,8.0
2012.5448798988623,194.0,1.0,,2012.5448798988623,194.0,1.0
2015.0,302.0,1.0,8.0,2015.0,302.0,1.0
2020.0,88.0,1.0,3.0,2020.0,88.0,1.0
2018.0,146.0,1.0,5.0,2018.0,146.0,1.0
2012.5448798988623,80.0,17.0,,2012.5448798988623,80.0,17.0
2019.0,79.0,1.0,4.0,2019.0,79.0,1.0
2007.0,79.0,1.0,16.0,2007.0,79.0,1.0
2021.0,79.0,1.0,2.0,2021.0,79.0,1.0
2019.0,145.0,1.0,4.0,2019.0,145.0,1.0
2017.0,122.0,1.0,6.0,2017.0,122.0,1.0
2014.0,519.0,1.0,9.0,2014.0,519.0,1.0
2012.5448798988623,256.0,1.0,,2012.5448798988623,256.0,1.0
1973.0,260.0,1.0,50.0,1973.0,260.0,1.0
2008.0,558.0,39.0,15.0,2008.0,558.0,39.0
2002.0,193.0,1.0,21.0,2002.0,193.0,1.0
2010.0,326.0,1.0,13.0,2010.0,326.0,1.0
2007.0,456.0,12.0,16.0,2007.0,456.0,12.0
2012.0,447.0,7.0,11.0,2012.0,447.0,7.0
2012.5448798988623,157.0,1.0,,2012.5448798988623,157.0,1.0
2013.0,268.0,3.0,10.0,2013.0,268.0,3.0
2012.5448798988623,169.0,3.0,,2012.5448798988623,169.0,3.0
2013.0,211.0,14.0,10.0,2013.0,211.0,14.0
2016.0,100.0,1.0,7.0,2016.0,100.0,1.0
2018.0,362.0,1.0,5.0,2018.0,362.0,1.0
2020.0,69.0,1.0,3.0,2020.0,69.0,1.0
2018.0,125.0,1.0,5.0,2018.0,125.0,1.0
1969.0,504.0,1.0,54.0,1969.0,504.0,1.0
2020.0,139.0,1.0,3.0,2020.0,139.0,1.0
2013.0,258.0,5.0,10.0,2013.0,258.0,5.0
1991.0,266.0,1.0,32.0,1991.0,266.0,1.0
2013.0,210.0,1.0,10.0,2013.0,210.0,1.0
1984.0,156.0,1.0,39.0,1984.0,156.0,1.0
2018.0,511.0,31.0,5.0,2018.0,511.0,31.0
2014.0,286.0,1.0,9.0,2014.0,286.0,1.0
2010.0,529.0,16.0,13.0,2010.0,529.0,16.0
2015.0,146.0,1.0,8.0,2015.0,146.0,1.0
2015.0,81.0,1.0,8.0,2015.0,81.0,1.0
2012.5448798988623,133.0,1.0,,2012.5448798988623,133.0,1.0
2012.5448798988623,70.0,1.0,,2012.5448798988623,70.0,1.0
2012.5448798988623,534.0,39.0,,2012.5448798988623,534.0,39.0
2012.5448798988623,69.0,1.0,,2012.5448798988623,69.0,1.0
2007.0,100.0,1.0,16.0,2007.0,100.0,1.0
2012.5448798988623,758.0,1.0,,2012.5448798988623,758.0,1.0
2012.5448798988623,425.0,18.0,,2012.5448798988623,425.0,18.0
2009.0,201.0,1.0,14.0,2009.0,201.0,1.0
2006.0,791.0,146.0,17.0,2006.0,791.0,146.0
2013.0,236.0,1.0,10.0,2013.0,236.0,1.0
2012.5448798988623,72.0,1.0,,2012.5448798988623,72.0,1.0
2012.5448798988623,614.0,1.0,,2012.5448798988623,614.0,1.0
2017.0,233.0,22.0,6.0,2017.0,233.0,22.0
1854.0,992.0,1.0,169.0,1854.0,992.0,1.0
2012.5448798988623,619.0,1.0,,2012.5448798988623,619.0,1.0
2012.5448798988623,160.0,11.0,,2012.5448798988623,160.0,11.0
2012.5448798988623,73.0,1.0,,2012.5448798988623,73.0,1.0
2013.0,351.0,2.0,10.0,2013.0,351.0,2.0
2012.5448798988623,655.0,1.0,,2012.5448798988623,655.0,1.0
2012.5448798988623,136.0,1.0,,2012.5448798988623,136.0,1.0
2014.0,131.0,1.0,9.0,2014.0,131.0,1.0
2018.0,169.0,1.0,5.0,2018.0,169.0,1.0
2012.0,789.0,106.0,11.0,2012.0,789.0,106.0
2012.0,483.0,1.0,11.0,2012.0,483.0,1.0
2010.0,658.0,1.0,13.0,2010.0,658.0,1.0
2007.0,710.0,7.0,16.0,2007.0,710.0,7.0
2017.0,56.0,2.0,6.0,2017.0,56.0,2.0
2004.0,307.0,6.0,19.0,2004.0,307.0,6.0
2013.0,479.0,5.0,10.0,2013.0,479.0,5.0
2017.0,183.0,3.0,6.0,2017.0,183.0,3.0
2010.0,849.0,8.57356076759062,13.0,2010.0,849.0,8.57356076759062
2009.0,86.0,1.0,14.0,2009.0,86.0,1.0
2017.0,38.0,1.0,6.0,2017.0,38.0,1.0
2016.0,175.0,1.0,7.0,2016.0,175.0,1.0
2015.0,187.0,15.0,8.0,2015.0,187.0,15.0
2018.0,114.0,1.0,5.0,2018.0,114.0,1.0
2015.0,224.0,24.0,8.0,2015.0,224.0,24.0
2012.0,60.0,1.0,11.0,2012.0,60.0,1.0
2016.0,363.0,1.0,7.0,2016.0,363.0,1.0
2013.0,432.0,27.0,10.0,2013.0,432.0,27.0
2012.0,318.0,8.57356076759062,11.0,2012.0,318.0,8.57356076759062
2012.0,318.0,38.0,11.0,2012.0,318.0,38.0
2012.5448798988623,203.0,1.0,,2012.5448798988623,203.0,1.0
2012.5448798988623,385.0,1.0,,2012.5448798988623,385.0,1.0
2016.0,29.0,8.57356076759062,7.0,2016.0,29.0,8.57356076759062
2018.0,508.0,1.0,5.0,2018.0,508.0,1.0
2014.0,167.0,1.0,9.0,2014.0,167.0,1.0
2012.5448798988623,167.0,1.0,,2012.5448798988623,167.0,1.0
2012.5448798988623,405.0,1.0,,2012.5448798988623,405.0,1.0
2011.0,150.0,1.0,12.0,2011.0,150.0,1.0
2012.5448798988623,162.0,1.0,,2012.5448798988623,162.0,1.0
2012.5448798988623,82.0,1.0,,2012.5448798988623,82.0,1.0
2018.0,80.0,1.0,5.0,2018.0,80.0,1.0
2014.0,574.0,1.0,9.0,2014.0,574.0,1.0
2014.0,230.0,1.0,9.0,2014.0,230.0,1.0
2000.0,62.0,1.0,23.0,2000.0,62.0,1.0
1992.0,744.0,8.57356076759062,31.0,1992.0,744.0,8.57356076759062
2013.0,54.0,1.0,10.0,2013.0,54.0,1.0
2013.0,411.0,19.0,10.0,2013.0,411.0,19.0
1915.0,231.0,1.0,108.0,1915.0,231.0,1.0
1999.0,583.0,5.0,24.0,1999.0,583.0,5.0
2012.5448798988623,88.0,1.0,,2012.5448798988623,88.0,1.0
2012.5448798988623,380.0,1.0,,2012.5448798988623,380.0,1.0
2015.0,102.0,1.0,8.0,2015.0,102.0,1.0
2020.0,83.0,1.0,3.0,2020.0,83.0,1.0
2012.5448798988623,226.0,5.0,,2012.5448798988623,226.0,5.0
2015.0,99.0,2.0,8.0,2015.0,99.0,2.0
2012.5448798988623,110.0,1.0,,2012.5448798988623,110.0,1.0
2010.0,51.0,1.0,13.0,2010.0,51.0,1.0
2012.5448798988623,151.0,1.0,,2012.5448798988623,151.0,1.0
2016.0,163.0,4.0,7.0,2016.0,163.0,4.0
2009.0,255.0,5.0,14.0,2009.0,255.0,5.0
2017.0,383.0,23.0,6.0,2017.0,383.0,23.0
2012.5448798988623,421.0,1.0,,2012.5448798988623,421.0,1.0
2016.0,908.0,38.0,7.0,2016.0,908.0,38.0
2019.0,128.0,1.0,4.0,2019.0,128.0,1.0
2014.0,140.0,22.0,9.0,2014.0,140.0,22.0
2009.0,220.0,3.0,14.0,2009.0,220.0,3.0
2016.0,224.0,9.0,7.0,2016.0,224.0,9.0
2020.0,138.0,1.0,3.0,2020.0,138.0,1.0
2012.5448798988623,175.0,1.0,,2012.5448798988623,175.0,1.0
2015.0,630.0,24.0,8.0,2015.0,630.0,24.0
2012.5448798988623,87.0,1.0,,2012.5448798988623,87.0,1.0
2014.0,831.0,18.0,9.0,2014.0,831.0,18.0
2017.0,180.0,12.0,6.0,2017.0,180.0,12.0
1952.0,469.0,1.0,71.0,1952.0,469.0,1.0
2020.0,593.0,1.0,3.0,2020.0,593.0,1.0
2019.0,240.0,19.0,4.0,2019.0,240.0,19.0
2017.0,156.0,1.0,6.0,2017.0,156.0,1.0
2012.5448798988623,270.0,1.0,,2012.5448798988623,270.0,1.0
2012.5448798988623,448.0,8.57356076759062,,2012.5448798988623,448.0,8.57356076759062
2018.0,273.0,1.0,5.0,2018.0,273.0,1.0
2012.5448798988623,919.0,8.57356076759062,,2012.5448798988623,919.0,8.57356076759062
2017.0,422.0,8.57356076759062,6.0,2017.0,422.0,8.57356076759062
2017.0,422.0,1.0,6.0,2017.0,422.0,1.0
2019.0,74.0,1.0,4.0,2019.0,74.0,1.0
2016.0,195.0,1.0,7.0,2016.0,195.0,1.0
2012.5448798988623,70.0,29.0,,2012.5448798988623,70.0,29.0
2018.0,175.0,1.0,5.0,2018.0,175.0,1.0
2012.5448798988623,286.0,1.0,,2012.5448798988623,286.0,1.0
2020.0,66.0,1.0,3.0,2020.0,66.0,1.0
2016.0,469.0,13.0,7.0,2016.0,469.0,13.0
2012.5448798988623,209.0,1.0,,2012.5448798988623,209.0,1.0
2012.0,331.0,5.0,11.0,2012.0,331.0,5.0
2017.0,99.0,1.0,6.0,2017.0,99.0,1.0
2015.0,557.0,1.0,8.0,2015.0,557.0,1.0
2017.0,157.0,1.0,6.0,2017.0,157.0,1.0
2010.0,40.0,1.0,13.0,2010.0,40.0,1.0
2012.5448798988623,483.0,1.0,,2012.5448798988623,483.0,1.0
2019.0,356.0,1.0,4.0,2019.0,356.0,1.0
2012.5448798988623,219.0,1.0,,2012.5448798988623,219.0,1.0
2016.0,100.0,1.0,7.0,2016.0,100.0,1.0
2017.0,514.0,37.0,6.0,2017.0,514.0,37.0
2015.0,114.0,3.0,8.0,2015.0,114.0,3.0
2011.0,117.0,12.0,12.0,2011.0,117.0,12.0
2012.5448798988623,217.0,1.0,,2012.5448798988623,217.0,1.0
2006.0,111.0,1.0,17.0,2006.0,111.0,1.0
2012.5448798988623,61.0,1.0,,2012.5448798988623,61.0,1.0
2013.0,363.0,2.0,10.0,2013.0,363.0,2.0
2012.5448798988623,552.0,1.0,,2012.5448798988623,552.0,1.0
2012.5448798988623,241.0,1.0,,2012.5448798988623,241.0,1.0
2012.0,118.0,8.0,11.0,2012.0,118.0,8.0
2017.0,146.0,1.0,6.0,2017.0,146.0,1.0
2016.0,171.0,2.0,7.0,2016.0,171.0,2.0
2017.0,102.0,1.0,6.0,2017.0,102.0,1.0
2017.0,102.0,1.0,6.0,2017.0,102.0,1.0
2012.0,112.0,3.0,11.0,2012.0,112.0,3.0
2018.0,169.0,28.0,5.0,2018.0,169.0,28.0
2013.0,716.0,1.0,10.0,2013.0,716.0,1.0
2017.0,151.0,1.0,6.0,2017.0,151.0,1.0
2018.0,236.0,1.0,5.0,2018.0,236.0,1.0
1989.0,293.0,1.0,34.0,1989.0,293.0,1.0
2014.0,586.0,23.0,9.0,2014.0,586.0,23.0
2013.0,854.0,11.0,10.0,2013.0,854.0,11.0
2017.0,284.0,1.0,6.0,2017.0,284.0,1.0
2004.0,127.0,1.0,19.0,2004.0,127.0,1.0
2017.0,44.0,1.0,6.0,2017.0,44.0,1.0
2015.0,514.0,24.0,8.0,2015.0,514.0,24.0
2016.0,125.0,1.0,7.0,2016.0,125.0,1.0
2019.0,162.0,1.0,4.0,2019.0,162.0,1.0
2012.5448798988623,93.0,1.0,,2012.5448798988623,93.0,1.0
1991.0,829.0,1.0,32.0,1991.0,829.0,1.0
2012.5448798988623,74.0,1.0,,2012.5448798988623,74.0,1.0
2011.0,577.0,1.0,12.0,2011.0,577.0,1.0
2018.0,145.0,1.0,5.0,2018.0,145.0,1.0
2013.0,615.0,40.0,10.0,2013.0,615.0,40.0
2016.0,180.0,10.0,7.0,2016.0,180.0,10.0
2012.5448798988623,345.0,1.0,,2012.5448798988623,345.0,1.0
2012.5448798988623,292.0,1.0,,2012.5448798988623,292.0,1.0
2011.0,153.0,8.0,12.0,2011.0,153.0,8.0
2014.0,528.0,38.0,9.0,2014.0,528.0,38.0
2020.0,96.0,1.0,3.0,2020.0,96.0,1.0
2018.0,179.0,1.0,5.0,2018.0,179.0,1.0
